"Report ID","Category of Incident","Country of Incident","Date of Incident","Subject","Primary Source","Source Type","Additional Sources","Name of Organisation Providing Information","Transport Mode","Where Found","Method of Concealment","Method of Concealment - Details","Detection","Outcome","Number of People Charged","Number of People Fined","Number of People Imprisoned","Amount of Fine","Currency of Fine","Fine in USD","Length of Imprisonment","Unit of Time"
"MOR11616","1. Seizure","Uganda","2017-08-18 00:00:00","12 rhino horn (23 kg) seized at Entebbe International Airport - 1 Vietnamese national arrested","http://www.observer.ug/news/headlines/54481-vietnamese-man-arrested-with-23kg-of-rhino-horn-at-entebbe.html","Media","","C4ADS Air Seizure Database","Air","In Personal Baggage","Amongst other goods","Suspect travelled from Kenya to Uganda by land - vehicle and then planned to travel by air to destinated Viet Nam","Dogs","Charged - No further details","","","","","","","",""
"MOR11998","1. Seizure","Kenya","2017-11-01 00:00:00","Pair in their 60's arrested for possession of leopard skins in Nairobi","https://www.africanindy.com/news/pair-in-their-60s-arrested-for-possession-of-leopard-skins-in-nairobi-12207630","Media","","","","","","KWS followed up intelligence reports which led them to the suspects.","Investigation","Charged - No further details","2","","","","","","",""
"MOR13710","1. Seizure","Kenya","2016-05-29 00:00:00","Police officer arrested in possession of 1 piece of elephant tusk and various stolen law enforcement uniforms in Nyamira County","https://citizentv.co.ke/news/ex-police-officer-arraigned-in-court-over-theft-197674/","Media","","","","","","","","Charged - Pending court case","1","","","","","","",""
"MOR13857","1. Seizure","Kenya","2016-01-25 00:00:00","Chinese man prosecuted for possessing 16 lion teeth at Jomo Kenyatta International Airport","https://www.the-star.co.ke/news/2016/01/27/chinese-fined-sh1m-for-16-lions-teeth_c1283462","Media","","","Air","In Personal Baggage","","Found at screening point at the Jomo Kenyatta International Airport","Routine Inspection","Conviction - court fine","1","1","","1000000","KES Kenyan Shilling","9601.5498046875","",""
"MOR14041","2. Poaching / Illegal Harvesting","Kenya","2018-03-30 00:00:00","Rhino poacher shot dead and another escaped in Solio Ranch","https://citizen.co.za/news/news-africa/1875068/suspected-poacher-shot-dead-in-kenyas-solio-ranch/","Media","","","","","","","","Investigation ongoing","","","","","","","",""
"MOR14192","2. Poaching / Illegal Harvesting","Kenya","2018-06-23 00:00:00","Hippopotamus and waterbuck killed in Masai Mara Reserve, eight poachers arrested","https://www.the-star.co.ke/news/2016/06/23/eight-tanzanian-poachers-arrested-in-maasai-mara_c1374665","Media","","","Land - Foot","On Person","","Poachers were caught in the act of skinning the animals","Routine Inspection","Confiscation & arrest","","","","","","","",""
"MOR14216","1. Seizure","Kenya","2018-05-13 00:00:00","500kg of zebra meat seized, one suspect arrested and charged","https://nairobinews.nation.co.ke/news/burma-market-zebra-meat/","Media","","","Land - Vehicle","Inside Vehicle","","KWS officers got a tip-off so established a survelliance team to trail the suspect and make the arrest.","Intelligence","Charged - Bail granted","1","","","","","","",""
"MOR14525","1. Seizure","Kenya","2017-07-01 00:00:00","Pangolin, rhino and ivory seizure, Kenya, 2017","https://www.standardmedia.co.ke/business/article/2001247206/10-key-dealers-nabbed-and-289-kilos-of-ivory-seized","Media","","","","","","","Investigation","Confiscation & arrest","","","","","","","",""
"MOR14741","1. Seizure","Kenya","2018-04-25 00:00:00","8kg of ivory seized in Muhaka","https://www.the-star.co.ke/news/2018/04/27/police-seize-8kg-of-ivory-in-kwale-county-after-tip-off_c1749880","Media","","World Customs Organization","","","","","Intelligence","Confiscation","","","","","","","",""
"MOR15004","1. Seizure","Kenya","2018-06-09 00:00:00","8 ivory tusks (37kg) seized at road block on Mombasa Malindi Highway, two people arrested","https://hivisasa.com/posts/two-detained-over-ivory-smuggling","Media","https://www.nation.co.ke/counties/mombasa/Two-arrested-in-Mombasa-with-ivory-tusks/1954178-4604010-15aqmpaz/index.html
https://www.nation.co.ke/counties/mombasa/Sh3m-ivory-haul-suspects-denied-bail/1954178-4690830-6xq4ufz/index.html","","Land - Vehicle","Inside Vehicle","","Officers were acting on a tip-off, a sniffer dog was used to find the ivory in the vehicle - hidden in the car’s boot, rear seat and under the driver’s seat.","Intelligence","Charged - Bail refused","2","","","","","","",""
"MOR15668","1. Seizure","Kenya","2018-08-07 00:00:00","5 ivory pieces (40kg) seized in Migori, two arrested","https://citizentv.co.ke/news/tanzanian-nationals-arrested-ksh-3-8m-ivory-migori-209130/","Media","http://www.xinhuanet.com/english/2018-08/08/c_137376859.htm","","","","","","Intelligence","Confiscation & arrest","","","","","","","",""
"MOR15786","1. Seizure","Kenya","2018-07-29 00:00:00","7 ivory pieces (234kgs) seized in Malili, one arrested","https://www.the-star.co.ke/news/2018/08/05/three-arrested-with-sh48m-ivory-in-makueni-hunt-on-for-italian-buyer_c1797921","Media","","","","","","Items were seized during raids","","Confiscation & arrest","","","","","","","",""
"MOR15789","1. Seizure","Kenya","2018-07-29 00:00:00","11 ivory pieces seized in Mtito Andei, two arrested","https://www.the-star.co.ke/news/2018/08/05/three-arrested-with-sh48m-ivory-in-makueni-hunt-on-for-italian-buyer_c1797921","Media","","","","","","","","Confiscation & arrest","","","","","","","",""
"MOR15884","1. Seizure","Kenya","2018-09-02 00:00:00","9 tusks (23kg) seized in Njambini, three suspects arrested","https://www.the-star.co.ke/news/2018/09/03/three-arrested-with-23kg-elephant-tusks-in-njambini_c1812550","Media","","World Customs Organization","","","","","","Confiscation & arrest","","","","","","","",""
"MOR15984","1. Seizure","Kenya","2018-09-06 00:00:00","36kg tusks seized in Makueni, 2 arrested","https://citizentv.co.ke/news/two-suspects-arrested-with-36kg-elephant-tusks-kws-says-211489/","Media","","","","","","","","Confiscation & arrest","","","","","","","",""
"MOR15986","1. Seizure","Kenya","2018-08-20 00:00:00","2 ivory bangles (150g) seized at Jomo Kenyatta Airport","https://nairobinews.nation.co.ke/news/chinese-woman-nabbed-jkia-ivory-bangles/","Media","","","Air","In Personal Baggage","Amongst other goods","Bangles were concealed into pillow inside passengers check-in baggage","Dogs","Confiscation & arrest","","","","","","","",""
"MOR17064","1. Seizure","Kenya","2018-10-21 00:00:00","3 ivory pieces (19kg) seized in Diani, two suspects arrested","https://www.the-star.co.ke/news/2018/10/22/two-arrested-in-diani-with-elephant-tusks-worth-sh19m_c1838581","Media","https://www.kenyanews.go.ke/police-seize-ivory-worth-sh1-9m-in-kwale [LINK NO LONGER WORKS]","","","","","","Intelligence","Confiscation & arrest","","","","","","","",""
"MOR17070","1. Seizure","Kenya","2018-10-17 00:00:00","6 tusks (64kg) seized in West Pokot, three suspects arrested","https://www.nation.co.ke/counties/west-pokot/Officials-seize-64kg-of-illegal-elephant-tusks-/3444836-4810412-oyxouk/index.html","Media","http://www.xinhuanet.com/english/2018-10/17/c_137539794.htm","","Land - Vehicle","On Person","","","Intelligence","Confiscation & arrest","","","","","","","",""
"MOR17100","2. Poaching / Illegal Harvesting","Kenya","2018-07-30 00:00:00","Black rhino poached in Lake Nakuru National Park, horns removed","https://citizentv.co.ke/news/man-arrested-over-rhino-killing-at-lake-nakuru-national-park-209171/","Media","https://www.standardmedia.co.ke/article/2001291181/suspected-poacher-linked-to-nakuru-rhino-killing-arrested","","","","","","","Arrest","","","","","","","",""
"MOR17136","1. Seizure","Kenya","2018-10-25 00:00:00","8 ivory pieces (23kg) seized from two people in Suguta Marmar","https://www.the-star.co.ke/news/2018/10/26/two-arrested-with-sh2m-ivory-in-samburu_c1841040","Media","https://www.standardmedia.co.ke/article/2001300426/two-suspected-poachers-arrested-in-samburu-with-23kg-elephant-tusks","","Land - Vehicle","Inside Vehicle","","","Routine Inspection","Confiscation & arrest","","","","","","","",""
"MOR17161","1. Seizure","Kenya","2018-04-22 00:00:00","8 ivory pieces (15kg) seized in Migori, 2 arrested","https://www.the-star.co.ke/news/2018/04/24/two-deny-illegal-possession-of-elephant-tusks-worth-sh15m_c1748146","Media","Robin des Bois (On the Trail No. 21)","","Land - Foot","On Person","","","","Charged - Bail granted","2","","","","","","",""
"MOR17162","1. Seizure","Kenya","2018-05-16 00:00:00","2 tusks (32 kg) seized in Emali, two suspects arrested","https://www.kahawatungu.com/2018/05/17/two-suspects-charged-for-selling-elephant-tusks/","Media","Robin des Bois N.21, 31 July 2018
https://www.the-star.co.ke/news/2018-05-17-two-charged-with-having-elephant-tusks-worth-sh32-million/","","Land - Foot","On Person","","","Intelligence","Charged - No further details","2","","","","","","",""
"MOR17918","1. Seizure","Kenya","2018-11-01 00:00:00","21 ivory pieces (54.7 kg) seized in Mowarak, Laikipia County, 5 arrested","https://citizentv.co.ke/news/suspected-poachers-arrested-with-54kgs-of-ivory-218833/","Media","https://www.standardmedia.co.ke/article/2001302530/three-suspects-arrested-ivory-worth-sh5m-recovered-in-samburu","","","","","","Intelligence","Confiscation & arrest","","","","","","","",""
"MOR17920","1. Seizure","Kenya","2018-11-07 00:00:00","12 kg ivory seized in Isiolo - 1 suspect arrested","https://citizentv.co.ke/news/isiolo-man-arrested-in-possession-of-elephant-tusks-218243/","Media","","","","","","","","Confiscation & arrest","","","","","","","",""
"MOR18368","1. Seizure","Kenya","2018-12-04 00:00:00","11 tusks (55kg) seized in Kilifi, one male suspect arrested","https://www.standardmedia.co.ke/article/2001305307/suspect-arrested-with-11-tusks-in-kilif","Media","","","","","","","Investigation","Confiscation & arrest","","","","","","","",""
"MOR18382","5. Animal Injury / Mortality / Welfare","Tanzania, United Republic of","2019-01-20 00:00:00","Dead Olarro Elephants 'May Have Been Poisoned' at Farms in Kenya","https://allafrica.com/stories/201901220624.html","Media","","","","","","were found dead on Sunday at Olarro Conservancy in Narok West Sub-county","Routine Inspection","No further action","","","","","","","",""
"MOR18741","1. Seizure","Kenya","2019-02-26 00:00:00","Three Suspected Wildlife Trophies Traffickers Arrested in Nairobi With 13kg of Ivory in Kenya","https://allafrica.com/stories/201902280131.html","Media","https://www.nation.co.ke/news/Three-face-charges-13kg-ivory/1056-5001534-11sa0f3z/index.html","","","","","","Intelligence","Confiscation & arrest","","","","","","","",""
"MOR18772","1. Seizure","Kenya","2019-03-05 00:00:00","8kg tusks seized in Nakuru, Kenya - 3 charged","https://www.standardmedia.co.ke/article/2001315510/former-mca-aspirant-arrested-with-elephant-tusks","Media","https://citizentv.co.ke/news/three-nakuru-businessmen-charged-with-trafficking-ksh-1-6m-","","Land - Vehicle","Inside Vehicle","Amongst other goods","the elephant tusks which were later found stashed in two white manila sacks concealed as wood.","Intelligence","Charged - Bail granted","3","","","","","","",""
"MOR19228","1. Seizure","Kenya","2019-01-08 00:00:00","Leopard skin, rhino horn, ivory pieces and a live tortoise seized in Nairobi, three Chinese and a Kenyan arrested","https://allafrica.com/stories/201901090041.html","Media","https://www.kbc.co.ke/3-chinese-kenyan-arrested-for-possessing-game-trophies/
https://www.the-star.co.ke/news/2019-01-09-chinese-busted-with-ivory-rotten-game-meat-detained-for-5-days/","","","In Premises (either domestic or business)","","Goods seized from a private residence","","Confiscation & arrest","","","","","","","",""
"MOR19229","1. Seizure","Kenya","2019-01-08 00:00:00","4 tusks (50kg) seized in Kitengela, three people arrested","https://www.the-star.co.ke/news/2019-01-09-three-deny-possessing-sh5-million-ivory-in-kajiado-court/","Media","https://ntv.nation.co.ke/news/2720124-4927644-10itikw/index.html","","Land - Vehicle","Inside Vehicle","","Officers posed as buyers","Targeting","Charged - No further details","3","","","","","","",""
"MOR19251","1. Seizure","Kenya","2019-01-31 00:00:00","6 tusks (11kg) seized at a petrol station in Donholm, Nairobi - 1 suspect arrested","https://nairobinews.nation.co.ke/news/man-arrested-elephant-tusks-court","Media","https://www.the-star.co.ke/news/2019-01-31-man-arrested-with-11kgs-of-elephant-tusks-in-donholm/","","","On Person","","The suspect was found carrying a bag full of tusks.","Intelligence","Confiscation & arrest","","","","","","","",""
"MOR19483","1. Seizure","Kenya","2018-01-01 00:00:00","40 kg tusks  (5 pieces) seized near Kenya-Tanzania border, Kilgoris - 2 Tanzanians arrested","http://www.xinhuanet.com/english/2018-08/08/c_137376859.htm","Media","","Environmental Investigation Agency (EIA)","","","","","","Confiscation & arrest","","","","","","","",""
"MOR21406","1. Seizure","Kenya","2019-06-06 00:00:00","16 elephant tusks seized in Nakuru, father and son arrested","https://www.nation.co.ke/counties/nakuru/Nakuru-police-seize-16-pieces-of-ivory--arrest-two-suspects/1183314-5147920-7t8uih/index.html","Media","","","Land - Vehicle","In Premises (either domestic or business)","","Found in nylon sacks inside a rental property.","Intelligence","Confiscation & arrest","","","","","","","",""
"MOR21563","9. Enforcement Action / Prosecution","United States of America","2019-06-13 00:00:00","4 traffickers indicted for alleged wildlife/narcotics trafficking and money laundering","https://www.justice.gov/usao-sdny/pr/members-african-criminal-enterprise-charged-large-scale-trafficking-rhinoceros-horns","Government Agency (Other)","https://www.nation.co.ke/kenya/counties/mombasa/wanted-us-fugitive-arrested-at-mombasa-airport--1907790
https://www.justice.gov/usao-sdny/pr/us-attorney-announces-extradition-kenyan-national-large-scale-trafficking-rhinoceros","","","","","","","Charged - No further details","1","","","","","","",""
"MOR21633","1. Seizure","Kenya","2019-04-30 00:00:00","1 tusk (6.5kg) seized in Gichunge area, North Imenti, Kenya - 1 male charged","https://www.the-star.co.ke/counties/eastern/2019-06-13-poacher-to-pay-sh3m-fine-or-face-10-year-jail-term/","Media","","","","On Person","","The ivory which was wrapped in two sacks.","Intelligence","Conviction - court fine","1","1","","3000000","KES Kenyan Shilling","29806.19921875","",""
"MOR21679","1. Seizure","Kenya","2018-10-01 00:00:00","2 ivory pieces (13.7kg) seizured in Taita-Taveto County, Kenya - 1 convicted","http://www.kenyanews.go.ke/man-sentenced-to-five-years-for-possession-of-ivory/","Media","https://radiojambo.co.ke/mwanamume-ahukumiwa-miaka-5-baada-ya-kukamatwa-na-pembe-za-ndovu/","","","","","","Intelligence","Conviction - imprisonment","1","","1","","","","5","Years"
"MOR22325","1. Seizure","Kenya","2019-07-05 00:00:00","2 ivory pieces & ammunition seized in Nairobi, two arrested","https://nairobinews.nation.co.ke/news/suspects-arrested-nairobi-elephant-tusks-ammunition","Media","https://tv47.co.ke/2019/07/07/police-arrest-two-suspects-with-elephant-tusks/","","","","","","Intelligence","Confiscation & arrest","","","","","","","",""
"MOR22350","1. Seizure","Kenya","2019-07-10 00:00:00","4 tusks (82kg) seized in Kwale County, two suspects arrested","https://www.facebook.com/254903014712426/photos/a.570749619794429/1033452573524129/?type=3&theater","Media","https://www.nation.co.ke/counties/kwale/Two-arrested-with-ivory-in-Kwale/3444918-5191654-4n0y83/index.html","","","On Person","","Authorities posed as buyers and arrested the suspects","Intelligence","Confiscation & arrest","","","","","","","",""
"MOR23096","1. Seizure","Kenya","2019-07-30 00:00:00","35 pieces of ivory (182 kg) seized in Makobeni Village, Rabai - 2 suspects arrested","https://www.the-star.co.ke/news/2019-07-30-ivory-worth-sh18-million-recovered-in-kilifi-two-suspects-arrested/","Media","https://www.standardmedia.co.ke/article/2001336052/kws-officers-arrest-two-suspects-with-sh18m-ivory-consignment","","","In Premises (either domestic or business)","Other","The 35 pieces of ivory were found buried underground at one of the suspects residences.","Intelligence","Confiscation & arrest","","","","","","","",""
"MOR23115","1. Seizure","Kenya","2019-08-02 00:00:00","14 kg of ivory seized near Nakuru - 2 suspects arrested","http://www.xinhuanet.com/english/2019-08/02/c_138279066.htm","Media","","","Land - Vehicle","","","The two ivory traffickers were riding on a motocycle when they were arrested","Intelligence","Confiscation & arrest","","","","","","","",""
"MOR23625","1. Seizure","Kenya","2019-05-15 00:00:00","9 ivory pieces (8.5kg) seized in Mombasa (Kenya)","https://www.standardmedia.co.ke/article/2001326574/ivory-trade-suspects-to-be-detained-for-2-months","Media","http://www.robindesbois.org/wp-content/uploads/ON_THE_TRAIL_25.pdf","","Land - Vehicle","Inside Vehicle","Amongst other goods","Elephant tusks were discovered  in white 50kg sacks containing dry maize and were transported by bus.","","Charged - Bail refused","2","","","","","","",""
"MOR23641","1. Seizure","Kenya","2019-08-14 00:00:00","1 ivory bangle (0.085kg) seized at Jomo Kenyatta Airport - 1 female suspect arrested","https://www.capitalfm.co.ke/news/2019/08/frenchwoman-arrested-at-jkia-over-possession-of-ivory-bangle-due-in-court/","Media","https://nairobinews.nation.co.ke/news/frenchwoman-fined-sh1-million-after-being-arrested-with-ivory-bangle-at-jkia
","","Air","On Person","Specimen's appearance modified","The suspect was wearing the ivory bangle upon discovered by the airport officials and seized.","Routine Inspection","Conviction - court fine","1","1","","1000000","KES Kenyan Shilling","9795.73","12","Months"
"MOR23643","1. Seizure","Kenya","2019-08-18 00:00:00","1 ivory bangle (0.025g) seized at Jomo Kenyatta Airport, 1 female suspect arrested","https://www.nation.co.ke/news/Spanish-woman-arrested-at-JKIA-with-ivory-bangle/1056-5240964-14ahfk7z/index.html","Media","https://nairobinews.nation.co.ke/news/ireland-updates-travel-advisory-to-kenya-after-double-sh1m-jkia-ivory-fines","","Air","On Person","","Woman was wearing the bangle","Routine Inspection","Conviction - court fine","1","1","","1000000","KES Kenyan Shilling","9796.76953125","",""
"MOR24210","1. Seizure","Kenya","2019-08-10 00:00:00","100kg tusks seized in Nyandarua County, Kenya - 1 arrested, 1 escaped","https://www.capitalfm.co.ke/news/2019/08/one-arrested-as-detectives-posing-as-customers-recover-100kgs-of-ivory/","Media","https://twitter.com/DCI_Kenya/status/1160443078102138880
","","","","","","Intelligence","Confiscation & arrest","","","","","","","",""
"MOR24230","1. Seizure","Kenya","2019-08-23 00:00:00","6 elephant Tusks (17.5 kg) seized on A2 Road, Maritati - 2 suspects arrested","https://twitter.com/DCI_Kenya/status/1165247113430818816","Government Report","https://www.capitalfm.co.ke/news/2019/08/six-pieces-of-elephant-tusks-weighing-17-5-kgs-scaling-machine-intercepted-in-meru/
","","Land - Vehicle","Inside Vehicle","","The seized 6 elephant tusks were inside the Toyota Probox","Operation","Confiscation & arrest","","","","","","","",""
"MOR25169","1. Seizure","Kenya","2019-09-22 00:00:00","5 tusks & 1 rhino horn siezed in Kaplong Trading Centre & Litein - 3 arrested","https://mobile.nation.co.ke/counties/Kericho-police-seize-ivory--rhino-horn-/1950480-5284432-h9h6my/index.html","Media","","","","","","","Operation","Confiscation & arrest","","","","","","","",""
"MOR25170","1. Seizure","Kenya","2019-09-05 00:00:00","21 tusks (72kg) seized in Alem Area, Ripko - 5 suspects arrested","https://twitter.com/DCI_Kenya/status/1169866875339018241","Government Report","https://www.the-star.co.ke/news/2019-09-06-police-nab-21-pieces-of-ivory-in-baringo/","","","","","","","Confiscation & arrest","","","","","","","",""
"MOR25799","1. Seizure","Kenya","2019-10-15 00:00:00","1 ivory bangle (60g) seized at Jomo Kenyatta Airport, Kenya - 1 Chinese national arrested","https://www.standardmedia.co.ke/article/2001345662/chinese-arrested-with-ivory-bangle-at-jkia","Media","","","Air","On Person","Other","Concealed in a cigarette packet.","Routine Inspection","Confiscation & arrest","","","","","","","",""
"MOR25971","1. Seizure","Kenya","2019-10-23 00:00:00","1 ivory bangle (100g) seized at Jomo Kenyatta International Airport, Kenya - 1 Zambian female arrested","https://nairobinews.nation.co.ke/editors-picks/zambian-woman-arrested-at-jkia-with-ivory-bangle","Media","","","Air","On Person","","The seized ivory was modified and worn as a jewellery (wrist bangle).","Routine Inspection","Charged - No further details","1","","","","","","",""
"MOR26099","1. Seizure","Kenya","2016-04-04 00:00:00","1046g of ivory and 500g of pangolin scales seized at Jomo Kenyatta International Airport - 2 suspects arrested","http://www.the-star.co.ke/news/2016/04/05/two-chinese-arrested-at-jkia-for-trafficking-illegal-wildlife-trophies_c1325931","Media","","Environmental Investigation Agency (EIA)","Air","","","","Dogs","Confiscation & arrest","","","","","","","",""
"MOR26100","1. Seizure","Kenya","2016-04-11 00:00:00","Worked ivory seized at Jomo Kenyatta International Airport - 1 Chinese national arrested","https://www.the-star.co.ke/news/2016-04-12-chinese-national-arrested-with-sh60000-ivory-at-jkia/","Media","","","Air","","","Method of concealment not specified but possibly in personal luggage","","Charged - No further details","1","","","","","","",""
"MOR26770","1. Seizure","Kenya","2018-11-13 00:00:00","21 elephant tusks seized in Rumuruti, three suspects arrested","http://www.xinhuanet.com/english/2018-11/13/c_137603613.htm","Media","","","","","","","Operation","Confiscation & arrest","","","","","","","",""
"MOR27668","1. Seizure","Kenya","2018-07-12 00:00:00","4 ivory pieces seized at residence in Muthaiga North Estate, Nairobi - known drug dealer arrested","https://nairobiwire.com/2020/02/drugs-and-wildlife-trafficking-couple-to-lose-sh1-billion-worth-of-property-and-cash.html","Media","https://www.kahawatungu.com/police-seize-drugs-elephant-tusks-muthaiga/","","","In Premises (either domestic or business)","","","Investigation","Conviction","2","","","1000000000","KES Kenyan Shilling","9769860","",""
"MOR27738","2. Poaching / Illegal Harvesting","Kenya","2020-03-10 00:00:00","2 white Giraffe's found dead in Ishaqbini Hirola Community Conservancy, Garissa County","https://www.nationalgeographic.com/animals/2020/03/rare-white-giraffes-poached/","NGO","https://www.bbc.com/news/world-africa-51816083
https://twitter.com/kwskenya/status/1237412505875603456","","","","","","Routine Inspection","Investigation ongoing","","","","","","","",""
"MOR28120","1. Seizure","Kenya","2019-08-18 00:00:00","1 ivory bangle (0.025 kg) seized at Jomo Kenyatta International Airport - 1 Spanish national arrested","https://www.channelnewsasia.com/news/world/foreigners-arrested-over-ivory-bracelets-at-kenyan-airport-11823076","Media","","","Air","On Person","","","","Conviction - court fine & imprisonment","","1","","9800","USD US Dollar","","12","Months"
"MOR28226","5. Animal Injury / Mortality / Welfare","Kenya","2020-04-21 00:00:00","19 endangered vultures dead from eating poisoned camel carcasses in Laikipia County - 1 arrested","https://www.nation.co.ke/counties/laikipia/Camel-owner-arrested-over-vulture-deaths/1183290-5531862-qqe5y6/index.html","Media","","","","","","","Investigation","Arrest","","","","","","","",""
"MOR28380","1. Seizure","Kenya","2019-03-19 00:00:00","tusks, hippo & warthog teeth seized in Nairobi - 2 arrested","https://nairobinews.nation.co.ke/chillax/here-is-diamonds-side-of-the-story-about-his-breakup-with-tanasha","Media","","","Land - Vehicle","Inside Vehicle","","","","Confiscation & arrest","","","","","","","",""
"MOR28488","1. Seizure","Kenya","2019-05-16 00:00:00","8.5kg raw ivory seized in Kilifi - 2 arrested","http://www.robindesbois.org/wp-content/uploads/ON_THE_TRAIL_25.pdf","NGO","","","","","","","","Confiscation & arrest","","","","","","","",""
"MOR28613","2. Poaching / Illegal Harvesting","Kenya","2019-06-30 00:00:00","Rhino killed in the Lake Nakuru National Park, suspected corruption","https://www.standardmedia.co.ke/article/2001332339/lake-nakuru-rhino-poaching-might-have-been-inside-job","Media","","","","","","","","Investigation ongoing","","","","","","","",""
"MOR28649","1. Seizure","Kenya","2018-12-01 00:00:00","10kg of elephant tusks seized in Kibwezi, two suspects arrested","https://citizentv.co.ke/news/two-arrested-with-ksh-2m-elephant-tusks-in-kibwezi-223122/","Media","","World Customs Organization (WCO)","","","","","","Confiscation & arrest","","","","","","","",""
"MOR28663","1. Seizure","Kenya","2019-12-12 00:00:00","4kg tusk seized in Kiungu village, 2 charged","https://www.the-star.co.ke/counties/eastern/2019-12-22-man-possessing-elephant-tusk-jailed-for-five-years/","Media","","EIA","","","","","Intelligence","Conviction - imprisonment","2","","1","","","","5","Years"
"MOR28664","1. Seizure","Kenya","2019-12-12 00:00:00","10 ivory pieces (73kg) seized in Samburu, Kwale, 2 arrested","http://www.xinhuanet.com/english/2019-12/13/c_138629246.htm","Media","","EIA","","","","","Intelligence","Confiscation & arrest","","","","","","","",""
"MOR28723","1. Seizure","Kenya","2020-04-30 00:00:00","2 tusks seized at Embu - 2 arrested","https://www.youtube.com/watch?v=k07a7Ls3JxY","Media","","","","In Premises (either domestic or business)","","","Investigation","Confiscation & arrest","","","","","","","",""
"MOR28748","1. Seizure","Kenya","2018-08-01 00:00:00","6 ivory pieces seized from residence in Naivasha, 1 arrested","https://citizentv.co.ke/news/man-arrested-over-rhino-killing-at-lake-nakuru-national-park-209171/","Media","","EIA","","In Premises (either domestic or business)","","","Intelligence","Confiscation & arrest","","","","","","","",""
"MOR28779","1. Seizure","Kenya","2020-05-16 00:00:00","3 ivory pieces (38.6 kg) seized in Laikipia - 2 suspects arrested","https://africanelephantjournal.com/two-nabbed-with-game-trophies-as-kws-decries-increased-poaching-cases-kenya/","Media","","","Land - Vehicle","Inside Vehicle","Other","The items where found in a sack","Intelligence","Confiscation & arrest","","","","","","","",""
"MOR28780","1. Seizure","Kenya","2020-05-09 00:00:00","9 tusks (50 kg) seized in Marina, Laikipia County - 3 arrested","https://africanelephantjournal.com/three-nabbed-in-laikipia-while-trying-to-sell-elephant-tusks-kenya/","Media","","","Land - Vehicle","Inside Vehicle","","","Investigation","Confiscation & arrest","","","","","","","",""
"MOR28788","1. Seizure","Kenya","2018-10-19 00:00:00","tusk seized in Laikipia county - 1 convicted","https://www.nation.co.ke/counties/laikipia/Man-possessing-elephant-tusk-jailed-for-five-years-/1183290-5559912-n5yghcz/index.html","Media","","","","","","","","Conviction - imprisonment","1","","1","","","","5","Years"
"MOR28842","1. Seizure","Kenya","2020-05-29 00:00:00","Dead full-grown giraffe and zebra seized, 2 arrested in Kirumbi Area, Voi Sub-County, Kenya","https://www.kenyanews.go.ke/two-suspected-poachers-arrested-carrying-giraffe-and-zebra-carcasses/","Media","","","Land - Vehicle","Inside Vehicle","","The seized dead giraffe and zebra were concealed inside the container of a trailer belonging to Mombasa Cement Company.","Intelligence","Charged - No further details","2","","","","","","",""
"MOR28930","1. Seizure","Kenya","2020-06-14 00:00:00","150 kg giraffe meat, 4 dikdik carcasses & 2 Lesser kudu carcasses seized in Garissa County - 4 arrested","https://www.the-star.co.ke/news/2020-06-14-four-suspected-poachers-arrested-with-150kg-of-giraffe-meat-in-garissa/","Media","https://www.nation.co.ke/kenya/counties/garissa/suspected-giraffe-poachers-to-face-court-663670
https://twitter.com/kwskenya/status/1272222013663428615/photo/1","","Land - Vehicle","In Personal Baggage","","The bushmeat was hidden in green sacks","Operation","Charged - No further details","4","","","","","","",""
"MOR29030","1. Seizure","Kenya","2018-01-01 00:00:00","4 ivory pieces (5kg) seized in Murera, Meru County - 3 convicted","http://www.kws.go.ke/content/three-fined-sh-3-million-illegal-possession-ivory","Media","","EIA","","On Person","","tusks in a white sack","","Conviction - court fine","3","3","","3000000","KES Kenyan Shilling","29641.900390625","",""
"MOR29031","1. Seizure","Kenya","2018-05-15 00:00:00","12kg ivory seized in Voi, Taita-Taveta - 1 arrest","http://www.robindesbois.org/wp-content/uploads/ON_THE_TRAIL_21.pdf","NGO","","EIA","","","","","","Confiscation & arrest","","","","","","","",""
"MOR29032","1. Seizure","Kenya","2018-08-22 00:00:00","21 kg ivory seized in Olkuruto, Narok - 1 arrest","http://www.robindesbois.org/wp-content/uploads/ON_THE_TRAIL_22.pdf","NGO","","EIA","","","","","","Confiscation & arrest","","","","","","","",""
"MOR29033","1. Seizure","Kenya","2018-11-06 00:00:00","4 ivory pieces (13kg) seized in Nakuru - 2 convicted","https://www.nation.co.ke/counties/nakuru/Two-charged-with-having-Sh2-6m-elephant-tusks-/1183314-4840794-xgmqqtz/index.html","Media","","EIA","","","","","","Charged - Bail granted","2","","","","","","",""
"MOR29076","1. Seizure","Kenya","2018-11-23 00:00:00","tusks seized in Mathira, Nyeri County - 1 arrested","https://www.nation.co.ke/counties/nyeri/Two-arrested-for-having-elephant-tusks/1954190-4867358-f44p60/index.html","Media","","","","","","","","Confiscation & arrest","","","","","","","",""
"MOR29373","1. Seizure","Kenya","2020-07-21 00:00:00","6 pieces of elephant tusks seized in Kutus, Kirinyaga County - 2 arrested","https://citizentv.co.ke/news/kirinyaga-2-men-nabbed-with-elephant-tusks-worth-ksh-1m-339612/?utm_source=onesignal&utm_medium=notifications&utm_campaign=onesignal_notifications","Media","","","","","","","Investigation","Confiscation & arrest","","","","","","","",""
"MOR29384","1. Seizure","Kenya","2020-07-26 00:00:00","1 Elephant tusk seized in Endebess - 3 suspects (including a police officer) arrested","https://allafrica.com/stories/202007260044.html","Media","","","Land - Vehicle","Inside Vehicle","","Transported by motorbike.","Intelligence","Confiscation & arrest","","","","","","","",""
"MOR29613","1. Seizure","Kenya","2020-08-08 00:00:00","2 Elephant tusks (18 kg) seized in Emotoroki area, Kajiado county - 5 arrested","https://africanelephantjournal.com/five-arrested-in-possession-of-elephant-tusks-kenya/","Media","","","Land - Vehicle","Inside Vehicle","","","Operation","Confiscation & arrest","","","","","","","",""
"MOR30138","1. Seizure","Kenya","2020-09-09 00:00:00","3 Elephant tusks (14 kg) seized in Kitale - 1 arrested","https://www.standardmedia.co.ke/rift-valley/article/2001385978/kitale-police-seize-elephant-tusks-worth-sh1-4m","Media","https://africa.cgtn.com/2020/09/10/kenyan-police-arrest-poacher-with-14-kg-elephant-tusks/","","","On Person","","","Intelligence","Confiscation & arrest","","","","","","","",""
"MOR30333","2. Poaching / Illegal Harvesting","Kenya","2020-10-05 00:00:00","3 lion, 4 hyena and eland poached at Ol Chorro Conservancy","https://nation.africa/kenya/counties/narok/maasai-mara-wildlife-targeted-bush-meat-traps-2460782","Media","","","","","","","","Investigation ongoing","","","","","","","",""
"MOR30384","1. Seizure","Kenya","2020-09-01 00:00:00","Processed ivory worth 91,570 USD seized in Kajiado County - 1 arrested","https://citizentv.co.ke/news/man-arrested-with-processed-ivory-worth-more-than-ksh-10m-in-isinya-345567/","Media","https://www.kbc.co.ke/ivory-products-worth-ksh-10-million-seized-in-kajiado/","","Land - Vehicle","Inside Vehicle","","Items were confiscated while being transported using a motorcycle registration KMEW 993N.","Intelligence","Confiscation & arrest","","","","","","","",""
"MOR30721","2. Poaching / Illegal Harvesting","Kenya","2018-06-21 00:00:00","Elephant killed in Ncoorolboro-Imenti Forest","https://allafrica.com/stories/201912110027.html","Media","","","","","","","","Arrest","","","","","","","",""
"MOR30722","5. Animal Injury / Mortality / Welfare","Kenya","2018-11-20 00:00:00","Three black rhinos found dead in Maasai Mara National Reserve","https://allafrica.com/stories/201811220255.html","Media","","","","","","","","Investigation ongoing","","","","","","","",""
"MOR30794","1. Seizure","Kenya","2020-10-01 00:00:00","8 Elephant tusks (48 kg) seized in Kitale, Trans Nzoia County, three suspects arrested","https://africanelephantjournal.com/kenya-police-arrest-three-with-ivory-worth-ksh-4-8-million/","Media","","","","On Person","","The items were placed in 3 backpacks","Intelligence","Confiscation & arrest","","","","","","","",""
"MOR30838","1. Seizure","China","2020-10-10 00:00:00","3 strings of ivory beads and 4 ivory carvings seized at Guangzhou Baiyun International Airport coming from Kenya","http://english.customs.gov.cn/Statics/f928d773-14ee-4916-87bf-b4909f7a1160.html","Customs","http://www.customs.gov.cn/customs/xwfb34/302425/3325103/index.html","","Air","On Person","Under traveller's clothing","The string of ivory beads was found in the passengers luggage. The remaining ivory seized had been sewn into the suspects underwear.","","Confiscation","","","","","","","",""
"MOR31385","1. Seizure","Kenya","2020-09-26 00:00:00","2 rhino horns (1.24 kg) seized in Eastleigh area, Nairobi - 2 suspects charged","https://www.the-star.co.ke/news/2020-09-26-two-nabbed-in-eastleigh-with-rhino-horns/","Media","https://nairobinews.nation.co.ke/editors-picks/two-charged-with-being-in-possession-of-rhino-horns-worth-sh2million","","Land - Vehicle","Inside Vehicle","","Rhino horn and fake currency was seized from the car.","Intelligence","Charged - Pending court case","2","","","","","","",""
"MOR31580","1. Seizure","Kenya","2020-12-01 00:00:00","51.5 kg of ivory seized in Laisamis, Marsabit - 2 suspects arrested","https://africasustainableconservation.com/2020/12/04/kenya-four-arrested-in-marsabit-isiolo-for-illegal-possession-of-elephant-tusks/","Media","https://www.kbc.co.ke/four-arrested-in-marsabit-isiolo-for-illegal-possession-of-elephant-tusks/","","Land - Vehicle","","","KWS officials posed as buyers.","Intelligence","Charged - No further details","2","","","","","","",""
"MOR31724","1. Seizure","Kenya","2020-12-12 00:00:00","54kg ivory seized in a saloon car at Migori Kilgoris border, one suspect detained","https://www.capitalfm.co.ke/news/2020/12/suspected-ivory-trafficker-arrested-in-migori-54kg-elephant-tusks-cache-seized/","Media","","","Land - Vehicle","Inside Vehicle","","concealed the consignment","Intelligence","Confiscation & arrest","","","","","","","",""
"MOR31847","1. Seizure","Kenya","2020-12-27 00:00:00","5 boxes full of Pangolin scales seized at Mombasa road, Nairobi - 6 arrested","https://www.the-star.co.ke/news/2020-12-27-six-arrested-for-illegal-possession-of-pangolin-scales/","Media","","","Land - Vehicle","Inside Vehicle","","Specimen were placed inside boxes and stuffed inside one of the suspects cars","Intelligence","Charged - No further details","6","","","","","","",""
"MOR31896","1. Seizure","Kenya","2020-09-01 00:00:00","5 pieces of ivory (6 kg) seized in Migori County - 2 suspects arrested","https://www.standardmedia.co.ke/rift-valley/article/2001386268/two-suspects-arrested-in-kitengela-with-elephant-tusks","Media","https://www.kbc.co.ke/two-suspects-arrested-with-ivory-worth-ksh-500000/","","","Other (please specify in Method of Concealment Details field)","","The ivory pieces were carried in bags.","Intelligence","Confiscation & arrest","","","","","","","",""
"MOR31897","1. Seizure","Kenya","2020-09-01 00:00:00","300 kg of game meat seized in Enkorika - suspects escaped","https://www.standardmedia.co.ke/rift-valley/article/2001386268/two-suspects-arrested-in-kitengela-with-elephant-tusks","Media","https://www.kbc.co.ke/two-suspects-arrested-with-ivory-worth-ksh-500000/","","Land - Vehicle","Other (please specify in Method of Concealment Details field)","","Supect was trannsporting meat using a motorcycle","","Confiscation","","","","","","","",""
"MOR32048","1. Seizure","Kenya","2020-12-01 00:00:00","Two pieces of ivory, lion ribs and teeth seized in Kajiado county, two suspects detained","https://nairobinews.nation.co.ke/news/two-poachers-arrested-with-animal-body-parts-set-for-use-in-witchcraft","Media","","Environmental Investigation Agency (EIA)","","","","","Intelligence","Confiscation & arrest","","","","","","","",""
"MOR32049","1. Seizure","Kenya","2020-12-01 00:00:00","7.1 kg of ivory seized in Isiolo county, two suspects detained","https://africasustainableconservation.com/2020/12/04/kenya-four-arrested-in-marsabit-isiolo-for-illegal-possession-of-elephant-tusks/","Media","https://www.kbc.co.ke/four-arrested-in-marsabit-isiolo-for-illegal-possession-of-elephant-tusks/","","Land - Vehicle","Other (please specify in Method of Concealment Details field)","","Transported by motorcycle.","","Confiscation & arrest","","","","","","","",""
"MOR32782","1. Seizure","Kenya","2021-02-01 00:00:00","7 tusks (51 kg) seized in Kabarnet, Baringo County - 3 arrested","https://citizentv.co.ke/news/senior-cop-from-rift-valley-hq-arrested-for-ivory-possession-5413284/","Media","https://www.kenyans.co.ke/news/61741-poloce-boss-linked-poaching-arrested-night-trap","","Land - Vehicle","Inside Vehicle","","Transported in 2 vehicles","Intelligence","Confiscation & arrest","","","","","","","",""
"MOR33209","1. Seizure","Kenya","2019-12-24 00:00:00","200 pangolin scales seized in Amboseli, Kajiado, 4 suspects arrested","Robin des Bois On the Trail Covid19 pg 9","Media","","Environmental Investigation Agency (EIA)","","","","","","Confiscation & arrest","","","","","","","",""
"MOR33233","1. Seizure","Kenya","2019-08-26 00:00:00","1 live pangolin seized in Lake Nakuru National Park","Robin des Bois On the Trail No.26 pg48","NGO","","Environmental Investigation Agency (EIA)","","","","","","Confiscation","","","","","","","",""
"MOR33400","1. Seizure","Kenya","2020-08-25 00:00:00","11 Elephant tusks (172.4 kg) seized in Isiolo County - suspects fled","https://www.kenyanews.go.ke/security-agents-seize-11-elephant-tusks/","Media","","Environmental Investigation Agency (EIA)","Land - Vehicle","Inside Vehicle","","Transported by a Toyota Probox van.","","Confiscation","","","","","","","",""
"MOR33907","6. Human-Wildlife Conflict","Kenya","2020-02-10 00:00:00","Lion attacked with spear in Mara Conservancy","Robin des Bois On the Trail No.28 pg78","NGO","","","","","","","","No details given","","","","","","","",""
"MOR33909","2. Poaching / Illegal Harvesting","Kenya","2020-02-23 00:00:00","Lion rescued from poachers trap in Oltiasika, Kajiado","Robin des Bois On the Trail No.28 pg78","NGO","","","","","","","","No details given","","","","","","","",""
"MOR33913","2. Poaching / Illegal Harvesting","Kenya","2020-01-20 00:00:00","Female leopard rescued from a trap in Nyeri","Robin des Bois On the Trail No.28 pg79","NGO","","","","","","","","No details given","","","","","","","",""
"MOR33955","2. Poaching / Illegal Harvesting","Kenya","2020-02-19 00:00:00","Zebra rescued from poachers trap in Endana, Laikipia County","Robin des Bois On the Trail No.28 pg91","NGO","","","","","","","","No details given","","","","","","","",""
"MOR33956","2. Poaching / Illegal Harvesting","Kenya","2020-02-29 00:00:00","1 Zebra killed by a trap in Mount Kenya National Park","Robin des Bois On the Trail No.28 pg91","NGO","","","","","","","","No details given","","","","","","","",""
"MOR33957","2. Poaching / Illegal Harvesting","Kenya","2020-03-11 00:00:00","1 Zebra rescued from a trap in Naboisho Conservancy, Nakuru","Robin des Bois On the Trail No.28 pg91","NGO","","","","","","","","No details given","","","","","","","",""
"MOR33959","2. Poaching / Illegal Harvesting","Kenya","2020-03-11 00:00:00","1 Giraffe rescued from a trap in Mara Triangle, Nakuru","Robin des Bois On the Trail No.28 pg92","NGO","","","","","","","","No details given","","","","","","","",""
"MOR33962","2. Poaching / Illegal Harvesting","Kenya","2020-02-05 00:00:00","Female elephant rescued from snare in Mount Elgon National Park","Robin des Bois On the Trail No.28 pg100","NGO","","","","","","","","No details given","","","","","","","",""
"MOR34545","1. Seizure","Kenya","2017-07-01 00:00:00","Lion, buffalo, cheetah, hyena and leopard skins seized in Parklands, Nairobi - 1 arrested","https://www.standardmedia.co.ke/nairobi/article/2001249509/man-arrested-after-being-found-with-animal-trophies-in-nairobi","Media","Robin des Bois On the Trail No.18 pg61","Global dataset for seized and non-intercepted illegal cheetah trade (Acinonyx jubatus) 2010–2019.  (https://data.mendeley.com/datasets/84k92j4n3y/2)","","","","","","Confiscation & arrest","","","","","","","",""
"MOR34624","1. Seizure","Tanzania, United Republic of","2021-04-18 00:00:00","12 Elephant tusks seized in Matuga, Kwale - 1 suspect arrested","https://africasustainableconservation.com/2021/04/19/kenya-kwale-man-arrested-with-12-tusks/","Media","","","","In Premises (either domestic or business)","","Seized from a local guest house.","Investigation","Confiscation & arrest","","","","","","","",""
"MOR35009","1. Seizure","Kenya","2021-04-01 00:00:00","1 Elephant tusk seizd at Elerai area, Tsavo West National Park - 1 suspect arrested","https://africasustainableconservation.com/2021/04/29/kenya-man-arrested-with-an-elephant-tusk-in-tsavo-west-national-park/","Media","","","","","","","Intelligence","Confiscation & arrest","","","","","","","",""
"MOR35010","1. Seizure","Kenya","2021-04-01 00:00:00","5 Elephant tusks (28 kg) seized in Meru National Park - 2 suspects arrested","https://africasustainableconservation.com/2021/04/29/kenya-two-arrested-with-tusks-in-meru/","Media","","","Land - Vehicle","Other (please specify in Method of Concealment Details field)","","Items were being transported using a motorcycle","Intelligence","Confiscation & arrest","","","","","","","",""
"MOR35107","1. Seizure","Kenya","2021-04-01 00:00:00","12 pieces of ivory (35 kg) seized near Mombasa - 1 suspect arrested","https://biglife.org/program-updates/big-life-news/ivory-intel","Media","","","","","","","Intelligence","Confiscation & arrest","","","","","","","",""
"MOR35605","1. Seizure","Kenya","2021-04-01 00:00:00","1 live pangolin seized in Taveta","https://biglife.org/program-updates/big-life-news/another-pangolin-saved","NGO","","","","","","","Intelligence","Confiscation & arrest","","","","","","","",""
"MOR3799","1. Seizure","Kenya","2016-01-25 00:00:00","Two Vietnamese one Chinese rhino and lion products Congo to China via Kenya","http://www.thanhniennews.com/society/2-vietnamese-arrested-in-kenya-for-illegal-rhino-products-58693.html","Media","","","Air","In Personal Baggage","","","","Confiscation & arrest","","","","","","","",""
"MOR4144","1. Seizure","Kenya","2016-02-29 00:00:00","Four Kenyan policemen charged for selling 5kg of illegal ivory","http://www.ibtimes.com/kenyas-war-poaching-police-charged-allegedly-selling-ivory-nairobi-west-2327872","Media","http://www.the-star.co.ke/news/2016/03/02/four-policemen-caught-with-ivory_c1304705?page=0%2C0
https://www.the-star.co.ke/news/2019-08-21-four-officers-jailed-for-life-for-poaching/","","Land - Vehicle","Inside Vehicle","","","Intelligence","Conviction - court fine","4","","4","","","","",""
"MOR4161","1. Seizure","Kenya","2016-02-23 00:00:00","Eastern Black Rhino killed and horns cut-off in Ol Pejeta Conservancy, Laikipia County, Kenya","http://allafrica.com/stories/201602261474.html","Media","http://www.the-star.co.ke/news/2016/03/01/three-deny-killing-rhino-for-its-horns_c1303602
http://www.eturbonews.com/68847/two-custody-over-killing-rhino","","","","","","Investigation","Charged - Bail granted","2","","","","","","",""
"MOR4188","1. Seizure","Mozambique","2016-03-11 00:00:00","76kg rhino horns seized at Mozambican airport","http://www.shanghaidaily.com/article/article_xinhua.aspx?id=323444","Media","http://allafrica.com/stories/201603150110.html","","Air","In Personal Baggage","","The contraband was discovered in two suitcases","","Confiscation","","","","","","","",""
"MOR4282","1. Seizure","Kenya","2016-03-22 00:00:00","Kenyan Police finds 39 tusks on a suspected ivory smuggler","http://www.standardmedia.co.ke/article/2000195735/suspect-arrested-with-39-pieces-of-ivory-in-githurai-kimbo-nairobi","Media","","","","In Premises (either domestic or business)","","The suspect and the specimens were found at a house that is thought to belong to the arrested suspect's sister who is out of the country.","Intelligence","Confiscation & arrest","","","","","","","",""
"MOR4286","1. Seizure","Kenya","2016-03-29 00:00:00","JKIA police seize ivory worth Sh6.4 million on transit from Mozambique to Thailand","http://www.standardmedia.co.ke/article/2000196560/jkia-police-seize-ivory-worth-sh6-4-million-on-transit-from-mozambique-to-thailand","Media","","","Air","In Freight (as on plane)","Amongst other goods","According to police the ivory was concealed in a luggage that had been disguised as gemstones. 

Airport head of DCI Joseph Ngisa said there were 22 stones in the cargo but two of them had ivory. “The rest were just stones disguised as gemstones. There were no gemstones,” said Ngisa.","X-ray","Confiscation","","","","","","","",""
"MOR4383","1. Seizure","Kenya","2016-03-05 00:00:00","15.4kg elephant tusks seized in Maralal","http://allafrica.com/stories/201603060328.html","Media","","","","Other (please specify in Method of Concealment Details field)","","Hidden in a bush in Kirisia Forest near Maralal Town. Suspicious residents reported the incident to relevant authorities.","Intelligence","Confiscation","","","","","","","",""
"MOR4936","1. Seizure","Mozambique","2016-05-02 00:00:00","22.4 kg rhino horn – Vietnamese citizen in Mozambique","http://clubofmozambique.com/news/vietnamese-man-arrested-in-maputo-airport-with-11-rhino-horns/","Media","","","Air","In Personal Baggage","","The suitcases had 11 white rhino horns, two of which of large size with the total weight of 19,6 kg, and also two bags with parts of rhino horn disguised as cylinders and remains with the weight of 2,8 kg.","","Confiscation & arrest","","","","","","","",""
"MOR5536","9. Enforcement Action / Prosecution","Kenya","2016-01-01 00:00:00","Ivory carvings seized at Jomo Kenyatta, one Chinese national convicted","http://www.the-star.co.ke/news/2016/04/29/sh24-million-netted-in-fines-from-illegal-wildlife-trophy-seizures-and_c1341499","Media","","","Air","","","","Dogs","Conviction - imprisonment","1","","1","","","","5","Years"
"MOR5650","1. Seizure","Kenya","2016-06-07 00:00:00","Kenyan Revenue Authority seized two elephant tusks in Mombasa","http://www.china.org.cn/world/Off_the_Wire/2016-06/08/content_38623965.htm","Media","http://www.the-star.co.ke/news/2016/06/08/kra-kws-impounds-ivory-carvings-worth-sh600000-at-mombasa-port_c1366009 [LINK NO LONGER WORKS]
http://www.coastweek.com/3923-Revenue-Authority-investigate-ivory-haul-seized-at-Mombasa-port.htm","","Sea","In Personal Baggage","Other","Found at a container freight station concealed in luggage. It was disguised as household goods - discovered during inspections","Dogs","Confiscation","","","","","","","",""
"MOR5654","1. Seizure","Kenya","2016-06-08 00:00:00","500kg Pangolin scales seized at Jomo Kenyatta Airport, Nairobi, Kenya on way to Laos","http://www.kws.go.ke/content/kws-canine-unit-intercepts-500kg-pangolin-scales","Media","","","Air","Other (please specify in Method of Concealment Details field)","","Found in the KQ Cargo area of the Arirport. The consignment was unaccompanied. The entire Permit and all other documents accompanying the consignment are fake and a Mr Diallo (who signed the permit) is not a permit signatory in Guinea.","Routine Inspection","Confiscation","","","","","","","",""
"MOR7767","1. Seizure","Kenya","2016-12-20 00:00:00","1.97 tonnes of ivory seized - Mombasa Port, Kenya","http://www.the-star.co.ke/news/2016/12/23/suspect-arrested-after-sh197-million-ivory-seized-at-mombasa-port_c1477771 [LINK NO LONGER WORKS]","Media","https://news.mongabay.com/2019/04/kenya-on-the-brink-of-acquitting-ivory-trafficker-number-four-commentary/","","Sea","In Container (as on ship)","","The ivory had been hidden in hollow wooden planks and declared as ceramics","Intelligence","Acquitted/Not deemed illegal","1","","","","","","",""
"MOR7934","1. Seizure","Viet Nam","2016-12-29 00:00:00","19 pieces of rhino horn (54 kg) seized at Noi Bai International Airport","http://customsnews.vn/noi-bai-customs-seize-more-than-50-kgs-of-imported-rhino-horn-2238.html  [LINK NO LONGER WORKS]","Customs","http://infonet.vn/phat-hien-hon-50kg-nghi-sung-te-giac-van-chuyen-qua-duong-hang-khong-post217874.info
https://env4wildlife.org/wp-content/uploads/2020/01/WCB-2017-No.2.pdf","","Air","In Personal Baggage","Other","commodities hiden in a red suitcase coated by white nylon numbered TM 118344 with the total weight up to 61.2kg. The contraband was on the flight numbered KQ 870/28 DEC 16 en route Nairobi (Kenya) to Hanoi","X-ray","Confiscation","","","","","","","",""
"MOR8048","1. Seizure","Kenya","2017-02-20 00:00:00","1 ivory bangle seized at Jomo Kenyatta International Airport, Kenya - American missionary convicted","http://www.the-star.co.ke/news/2017/02/24/american-missionary-fined-sh1m-for-having-ivory-bangle_c1513393","Media","","","Air","On Person","","Suspect was wearing the bangle","Routine Inspection","Conviction","1","","","","","","",""
"MOR8143","1. Seizure","Viet Nam","2017-03-14 00:00:00","46 rhino horns (118 kg) seized at Noi Bai International Airport","http://customsnews.vn/discovery-over-100kg-animal-horns-transported-via-noi-bai-international-airport-2948.html","Media","http://www.coastweek.com/4011-Nairobi-airport-officials-grilled-over-rhino-horns-seized-in-Vietnam.htm
http://www.nation.co.ke/news/Vietnam-seizes-rhino-horn-from-Kenya/1056-3850262-w2dm4j/index.html","","Air","In Personal Baggage","","Two suitcases [blue and brown] with card numbers: 3706KQ002462 and 3706KQ002486 with suspicious signs. Checked as neither of the suitcases bore any information on the recipients or the weight.","Routine Inspection","Confiscation","","","","","","","",""
"MOR8669","1. Seizure","Malaysia","2017-05-03 00:00:00","304 kg pangolin scales seized at Kuala Lumpur Airport","http://www.thestar.com.my/news/nation/2017/05/09/rm9mil-in-pangolin-scales-seized-after-tipoffs/","Media","https://www.nst.com.my/news/crime-courts/2017/05/237348/klia-customs-seizes-rm9-million-record-haul-pangolin-scales
https://uk.reuters.com/article/us-malaysia-pangolins-idUKKBN1840S7","","Air","In Premises (either domestic or business)","Other","Found in ten gunnysacks, labelled as dry herbs in KLIA air cargo warehouse.","Intelligence","Confiscation","","","","","","","",""
"MOR8807","9. Enforcement Action / Prosecution","Kenya","2017-04-24 00:00:00","18 suspects arrested in Kenya (various) in anti-poaching sting","http://news.xinhuanet.com/english/2017-05/06/c_136262120.htm","Media","","","","","","","","-","","","","","","","",""
"MOR9793","1. Seizure","Kenya","2017-07-29 00:00:00","120 kg ivory seized at Jomo Kenyatta Airport - 1 female arrested","https://www.standardmedia.co.ke/article/2001249782/chinese-woman-arrested-in-nairobi-with-120kg-of-ivory-worth-sh10-million","Media","","","Air","In Personal Baggage","Other","Placed in small boxes and disguised as food.","","Confiscation & arrest","","","","","","","",""
